Submission ID,Common Name,Scientific Name,Taxonomic Order,Count,State/Province,County,Location,Latitude,Longitude,Date,Time,Protocol,Duration (Min),All Obs Reported,Distance Traveled (km),Area Covered (ha),Number of Observers,Breeding Code,Species Comments,Checklist Comments
S50788825,Tundra Swan,Cygnus columbianus,335,10,US-CA,El Dorado,"Lake Tahoe, South Lake Tahoe US-CA (39.0504,-120.0846)",39.050378,-120.084599,2018-12-05,05:41 PM,eBird - Traveling Count,60,0,3.219,,1,,Tundra swan on Lake Tahoe ,Tundra swan on Lake Tahoe 
S32089819,Wood Duck,Aix sponsa,397,1,US-WA,King,US-WA-Seattle-Union Bay - 47.6433x-122.2876,47.64329,-122.287578,2016-10-16,12:29 PM,eBird - Traveling Count,5,0,.161,,2
S34938247,Wood Duck,Aix sponsa,397,6,US-WA,King,US-WA-Seattle-University of Washington - 47.6543x-122.2945,47.654333,-122.294485,2017-03-03,01:29 PM,eBird - Traveling Count,30,1,.805,,1
S34938247,Northern Shoveler,Spatula clypeata,434,8,US-WA,King,US-WA-Seattle-University of Washington - 47.6543x-122.2945,47.654333,-122.294485,2017-03-03,01:29 PM,eBird - Traveling Count,30,1,.805,,1
S50734297,Gadwall,Mareca strepera,438,5,US-CA,El Dorado,"96150, South Lake Tahoe US-CA (38.9369,-120.0566)",38.936938,-120.05658,2018-12-16,10:52 AM,eBird - Traveling Count,90,0,4.828,,7
S45867884,Gadwall,Mareca strepera,438,2,US-CA,El Dorado,"South Lake Tahoe, CA  96150, South Lake Tahoe US-CA (38.9400,-120.0036)",38.940048,-120.003616,2018-05-20,10:28 AM,eBird - Traveling Count,150,0,1.609,,1
S34152310,Gadwall,Mareca strepera,438,4,US-WA,King,Seward Park,47.5538089,-122.2501301,2017-02-04,09:00 AM,eBird - Stationary Count,30,0,,,2
S30167940,Gadwall,Mareca strepera,438,3,US-WA,King,Union Bay Natural Area / Montlake Fill,47.65424,-122.29137,2016-06-10,04:19 PM,eBird - Traveling Count,60,1,1.207,,1,,,"<br />Submitted from eBird for iOS, version 1.2.1 Build 65"
S32786239,American Wigeon,Mareca americana,445,15,US-WA,Clallam,US-WA-Port Angeles-Olympic Discovery Trl - 48.1189x-123.4269,48.11891,-123.426897,2016-11-25,03:14 PM,eBird - Stationary Count,30,0,,,1
S35218716,American Wigeon,Mareca americana,445,30,US-WA,King,US-WA-Seattle-Green Lake - 47.6766x-122.3388,47.676597,-122.338772,2017-03-16,08:48 AM,eBird - Traveling Count,30,0,6.437,,1
S34938247,Green-winged Teal,Anas crecca,529,2,US-WA,King,US-WA-Seattle-University of Washington - 47.6543x-122.2945,47.654333,-122.294485,2017-03-03,01:29 PM,eBird - Traveling Count,30,1,.805,,1
S42884387,Redhead,Aythya americana,576,5,US-CA,El Dorado,"2240 Dover Dr, South Lake Tahoe US-CA (38.9286,-120.0048)",38.928577,-120.004783,2018-02-17,10:38 AM,eBird - Stationary Count,10,0,,,2
S50734297,Ring-necked Duck,Aythya collaris,580,1,US-CA,El Dorado,"96150, South Lake Tahoe US-CA (38.9369,-120.0566)",38.936938,-120.05658,2018-12-16,10:52 AM,eBird - Traveling Count,90,0,4.828,,7
S42884387,Greater/Lesser Scaup,Aythya marila/affinis,606,20,US-CA,El Dorado,"2240 Dover Dr, South Lake Tahoe US-CA (38.9286,-120.0048)",38.928577,-120.004783,2018-02-17,10:38 AM,eBird - Stationary Count,10,0,,,2
S25505711,Harlequin Duck,Histrionicus histrionicus,626,3,US-WA,Clallam,Ediz Hook,48.14035,-123.44711,2015-10-18,04:30 PM,eBird - Stationary Count,60,0,,,2
S25505711,Surf Scoter,Melanitta perspicillata,628,20,US-WA,Clallam,Ediz Hook,48.14035,-123.44711,2015-10-18,04:30 PM,eBird - Stationary Count,60,0,,,2
S32786239,Surf Scoter,Melanitta perspicillata,628,10,US-WA,Clallam,US-WA-Port Angeles-Olympic Discovery Trl - 48.1189x-123.4269,48.11891,-123.426897,2016-11-25,03:14 PM,eBird - Stationary Count,30,0,,,1
S40684070,Surf Scoter,Melanitta perspicillata,628,8,US-WA,Thurston,"CA-Eld Inlet (47.0589,-123.0051)",47.058877,-123.005138,2017-11-23,11:59 AM,eBird - Stationary Count,15,1,,,3
S34345229,Surf Scoter,Melanitta perspicillata,628,15,US-WA,Thurston,"CA-Eld Inlet - 47.0573x-123.0057 - Feb 13, 2017, 9:02 AM",47.057313,-123.005657,2017-02-11,09:02 AM,eBird - Stationary Count,60,0,,,2
S34152310,Bufflehead,Bucephala albeola,641,4,US-WA,King,Seward Park,47.5538089,-122.2501301,2017-02-04,09:00 AM,eBird - Stationary Count,30,0,,,2
S34938247,Bufflehead,Bucephala albeola,641,6,US-WA,King,US-WA-Seattle-University of Washington - 47.6543x-122.2945,47.654333,-122.294485,2017-03-03,01:29 PM,eBird - Traveling Count,30,1,.805,,1
S40684070,Bufflehead,Bucephala albeola,641,8,US-WA,Thurston,"CA-Eld Inlet (47.0589,-123.0051)",47.058877,-123.005138,2017-11-23,11:59 AM,eBird - Stationary Count,15,1,,,3
S34345229,Bufflehead,Bucephala albeola,641,20,US-WA,Thurston,"CA-Eld Inlet - 47.0573x-123.0057 - Feb 13, 2017, 9:02 AM",47.057313,-123.005657,2017-02-11,09:02 AM,eBird - Stationary Count,60,0,,,2
S42324092,Common Goldeneye,Bucephala clangula,642,1,US-CA,El Dorado,"3737 Beach Rd, South Lake Tahoe US-CA (38.9510,-119.9594)",38.950979,-119.959359,2018-01-28,11:40 AM,eBird - Stationary Count,60,0,,,1
S50734297,Common Goldeneye,Bucephala clangula,642,3,US-CA,El Dorado,"96150, South Lake Tahoe US-CA (38.9369,-120.0566)",38.936938,-120.05658,2018-12-16,10:52 AM,eBird - Traveling Count,90,0,4.828,,7
S40684070,Common Goldeneye,Bucephala clangula,642,1,US-WA,Thurston,"CA-Eld Inlet (47.0589,-123.0051)",47.058877,-123.005138,2017-11-23,11:59 AM,eBird - Stationary Count,15,1,,,3
S34345229,Common Goldeneye,Bucephala clangula,642,5,US-WA,Thurston,"CA-Eld Inlet - 47.0573x-123.0057 - Feb 13, 2017, 9:02 AM",47.057313,-123.005657,2017-02-11,09:02 AM,eBird - Stationary Count,60,0,,,2
S50734297,Hooded Merganser,Lophodytes cucullatus,651,6,US-CA,El Dorado,"96150, South Lake Tahoe US-CA (38.9369,-120.0566)",38.936938,-120.05658,2018-12-16,10:52 AM,eBird - Traveling Count,90,0,4.828,,7
S34152310,Hooded Merganser,Lophodytes cucullatus,651,4,US-WA,King,Seward Park,47.5538089,-122.2501301,2017-02-04,09:00 AM,eBird - Stationary Count,30,0,,,2
S40684070,Hooded Merganser,Lophodytes cucullatus,651,2,US-WA,Thurston,"CA-Eld Inlet (47.0589,-123.0051)",47.058877,-123.005138,2017-11-23,11:59 AM,eBird - Stationary Count,15,1,,,3
S30169128,Common Merganser,Mergus merganser,658,1,US-OR,Deschutes,Devil's Lake,44.0346655,-121.7622042,2016-03-30,05:00 PM,eBird - Stationary Count,60,1,,,2
S30169147,Common Merganser,Mergus merganser,658,6,US-OR,Deschutes,Smith Rock SP,44.3669375,-121.1371851,2016-05-29,01:00 PM,eBird - Traveling Count,240,1,8.047,,2
S42324092,Common Merganser,Mergus merganser,658,3,US-CA,El Dorado,"3737 Beach Rd, South Lake Tahoe US-CA (38.9510,-119.9594)",38.950979,-119.959359,2018-01-28,11:40 AM,eBird - Stationary Count,60,0,,,1
S50734297,Common Merganser,Mergus merganser,658,3,US-CA,El Dorado,"96150, South Lake Tahoe US-CA (38.9369,-120.0566)",38.936938,-120.05658,2018-12-16,10:52 AM,eBird - Traveling Count,90,0,4.828,,7
S38634983,Common Merganser,Mergus merganser,658,2,US-CA,El Dorado,"Eldorado National Forest, Echo Lake US-CA (38.8562,-120.1365)",38.856162,-120.136465,2017-08-13,10:36 AM,eBird - Stationary Count,30,0,,,1
S34152310,Common Merganser,Mergus merganser,658,1,US-WA,King,Seward Park,47.5538089,-122.2501301,2017-02-04,09:00 AM,eBird - Stationary Count,30,0,,,2
S30097148,Common Merganser,Mergus merganser,658,6,US-WA,King,US-WA-Renton-Cedar River Park - 47.4656x-122.1338,47.465567,-122.133835,2016-06-05,03:58 PM,eBird - Stationary Count,120,1,,,2,,,"Cesar river park along the cedar river  <br />Submitted from eBird for iOS, version 1.2.1 Build 65"
S35218716,Common Merganser,Mergus merganser,658,5,US-WA,King,US-WA-Seattle-Green Lake - 47.6766x-122.3388,47.676597,-122.338772,2017-03-16,08:48 AM,eBird - Traveling Count,30,0,6.437,,1
S30838701,Common Merganser,Mergus merganser,658,3,US-WA,Kittitas,US-WA-Cle Elum-Spectacle Lake - 47.4613x-121.2811,47.46131,-121.28106,2016-07-24,10:30 AM,eBird - Traveling Count,60,0,8.047,,2,,,"<br />Submitted from eBird for iOS, version 1.2.2 Build 70"
S47578103,California Quail,Callipepla californica,978,1,US-CA,El Dorado,"Lake Tahoe Airport, South Lake Tahoe US-CA (38.9088,-119.9884)",38.908812,-119.98837,2018-07-31,06:15 PM,eBird - Traveling Count,45,0,6.437,,1
S59684048,Gambel's Quail,Callipepla gambelii,988,10,US-UT,Washington,"Snow Canyon State Park, Saint George US-UT (37.2132,-113.6499)",37.213179,-113.64991,2019-09-08,08:36 AM,eBird - Traveling Count,10,0,1.609,,1
S52151500,Gray Francolin,Francolinus pondicerianus,1330,5,US-HI,Maui,"2737 S Kihei Rd, Kihei US-HI (20.7110,-156.4441)",20.711018,-156.444054,2019-01-28,02:06 PM,eBird - Traveling Count,10,0,.322,,1
S30935613,Ruffed Grouse,Bonasa umbellus,1590,3,US-WA,Chelan,US-WA-Leavenworth-Wenatchee National Forest - 47.5201x-120.8651,47.520105,-120.865144,2016-07-31,11:30 AM,eBird - Traveling Count,60,0,16.093,,4,,,"<br />Submitted from eBird for iOS, version 1.2.4 Build 72"
S59976775,Sooty Grouse,Dendragapus fuliginosus,1682,6,US-CA,El Dorado,"96150, South Lake Tahoe US-CA (38.8299,-120.0368)",38.82995,-120.03675,2019-09-21,09:10 AM,eBird - Traveling Count,2,0,3.219,,1
S30665718,Wild Turkey,Meleagris gallopavo,1706,8,US-MT,Lake,Flathead Lake,47.9088353,-114.116397,2016-07-02,09:00 AM,eBird - Traveling Count,480,0,64.374,,2
S34152310,Pied-billed Grebe,Podilymbus podiceps,1756,6,US-WA,King,Seward Park,47.5538089,-122.2501301,2017-02-04,09:00 AM,eBird - Stationary Count,30,0,,,2
S35218716,Pied-billed Grebe,Podilymbus podiceps,1756,1,US-WA,King,US-WA-Seattle-Green Lake - 47.6766x-122.3388,47.676597,-122.338772,2017-03-16,08:48 AM,eBird - Traveling Count,30,0,6.437,,1
S30167940,Pied-billed Grebe,Podilymbus podiceps,1756,2,US-WA,King,Union Bay Natural Area / Montlake Fill,47.65424,-122.29137,2016-06-10,04:19 PM,eBird - Traveling Count,60,1,1.207,,1,,,"<br />Submitted from eBird for iOS, version 1.2.1 Build 65"
S32786239,Horned Grebe,Podiceps auritus,1767,4,US-WA,Clallam,US-WA-Port Angeles-Olympic Discovery Trl - 48.1189x-123.4269,48.11891,-123.426897,2016-11-25,03:14 PM,eBird - Stationary Count,30,0,,,1
S34152310,Eared Grebe,Podiceps nigricollis,1777,2,US-WA,King,Seward Park,47.5538089,-122.2501301,2017-02-04,09:00 AM,eBird - Stationary Count,30,0,,,2
S25505711,Western Grebe,Aechmophorus occidentalis,1789,2,US-WA,Clallam,Ediz Hook,48.14035,-123.44711,2015-10-18,04:30 PM,eBird - Stationary Count,60,0,,,2
S25505775,Western Grebe,Aechmophorus occidentalis,1789,2,US-WA,King,Union Bay Natural Area / Montlake Fill,47.65424,-122.29137,2015-10-16,03:30 PM,eBird - Stationary Count,60,1,,,2
S30665718,Eurasian Collared-Dove,Streptopelia decaocto,1968,2,US-MT,Lake,Flathead Lake,47.9088353,-114.116397,2016-07-02,09:00 AM,eBird - Traveling Count,480,0,64.374,,2
S59684024,Greater Roadrunner,Geococcyx californianus,2945,1,US-UT,Washington,"84746, Leeds US-UT (37.2486,-113.3702)",37.248631,-113.370248,2019-09-09,08:35 AM,eBird - Traveling Count,30,0,48.28,,1
S33398494,Greater Roadrunner,Geococcyx californianus,2945,1,MX-BCS,,MX-BCS-La Paz-Carretera al Sargento - 24.0473x-109.9887,24.04728,-109.988655,2017-01-02,06:02 PM,eBird - Traveling Count,60,0,8.047,,1
S30204754,Rufous Hummingbird,Selasphorus rufus,4677,4,US-WA,King,US-WA-North Bend-Snoqualmie National Forest - 47.4352x-121.5129,47.435197,-121.512883,2016-06-12,09:52 AM,eBird - Traveling Count,90,1,.161,,2,,,Pratt Lake in the Alpine Lakes Wilderness Area near Snoqualmie Pass
S52151434,Hawaiian Coot,Fulica alai,5308,3,US-HI,Maui,"Keālia Pond, Maalaea US-HI (20.7933,-156.4746)",20.793333,-156.474642,2019-01-27,02:03 PM,eBird - Traveling Count,45,0,1.609,,3
S42324092,American Coot,Fulica americana,5311,10,US-CA,El Dorado,"3737 Beach Rd, South Lake Tahoe US-CA (38.9510,-119.9594)",38.950979,-119.959359,2018-01-28,11:40 AM,eBird - Stationary Count,60,0,,,1
S35218716,American Coot,Fulica americana,5311,20,US-WA,King,US-WA-Seattle-Green Lake - 47.6766x-122.3388,47.676597,-122.338772,2017-03-16,08:48 AM,eBird - Traveling Count,30,0,6.437,,1
S25505775,American Coot (Red-shielded),Fulica americana (Red-shielded),5314,30,US-WA,King,Union Bay Natural Area / Montlake Fill,47.65424,-122.29137,2015-10-16,03:30 PM,eBird - Stationary Count,60,1,,,2
S30665718,American Coot (Red-shielded),Fulica americana (Red-shielded),5314,1,US-MT,Lake,Flathead Lake,47.9088353,-114.116397,2016-07-02,09:00 AM,eBird - Traveling Count,480,0,64.374,,2
S52151434,Black-necked Stilt (Hawaiian),Himantopus mexicanus knudseni,5579,4,US-HI,Maui,"Keālia Pond, Maalaea US-HI (20.7933,-156.4746)",20.793333,-156.474642,2019-01-27,02:03 PM,eBird - Traveling Count,45,0,1.609,,3
S52151500,Pacific Golden-Plover,Pluvialis fulva,5620,2,US-HI,Maui,"2737 S Kihei Rd, Kihei US-HI (20.7110,-156.4441)",20.711018,-156.444054,2019-01-28,02:06 PM,eBird - Traveling Count,10,0,.322,,1
S31158888,Killdeer,Charadrius vociferus,5742,3,US-WA,King,Carkeek Park,47.7126411,-122.377647,2016-08-19,08:13 PM,eBird - Traveling Count,60,0,.322,,2,,,"<br />Submitted from eBird for iOS, version 1.2.6 Build 75"
S34938247,Killdeer,Charadrius vociferus,5742,1,US-WA,King,US-WA-Seattle-University of Washington - 47.6543x-122.2945,47.654333,-122.294485,2017-03-03,01:29 PM,eBird - Traveling Count,30,1,.805,,1
S30665718,Killdeer,Charadrius vociferus,5742,1,US-MT,Lake,Flathead Lake,47.9088353,-114.116397,2016-07-02,09:00 AM,eBird - Traveling Count,480,0,64.374,,2
S50734297,Wilson's Snipe,Gallinago delicata,5942,1,US-CA,El Dorado,"96150, South Lake Tahoe US-CA (38.9369,-120.0566)",38.936938,-120.05658,2018-12-16,10:52 AM,eBird - Traveling Count,90,0,4.828,,7
S46255832,Spotted Sandpiper,Actitis macularius,5970,1,US-CA,El Dorado,"South Lake Tahoe, CA  96150, South Lake Tahoe US-CA (38.9006,-119.9344)",38.900619,-119.934382,2018-06-02,03:32 PM,eBird - Traveling Count,160,0,14.484,,2
S45867884,Spotted Sandpiper,Actitis macularius,5970,1,US-CA,El Dorado,"South Lake Tahoe, CA  96150, South Lake Tahoe US-CA (38.9400,-120.0036)",38.940048,-120.003616,2018-05-20,10:28 AM,eBird - Traveling Count,150,0,1.609,,1
S30097148,Spotted Sandpiper,Actitis macularius,5970,2,US-WA,King,US-WA-Renton-Cedar River Park - 47.4656x-122.1338,47.465567,-122.133835,2016-06-05,03:58 PM,eBird - Stationary Count,120,1,,,2,,,"Cesar river park along the cedar river  <br />Submitted from eBird for iOS, version 1.2.1 Build 65"
S35590222,Pigeon Guillemot,Cepphus columba,6156,1,US-WA,King,US-WA-Seattle-1201 Alaskan Way - 47.6050x-122.3419,47.605024,-122.341896,2017-03-31,01:59 PM,eBird - Traveling Count,15,0,.322,,1
S35337115,Pigeon Guillemot,Cepphus columba,6156,1,US-WA,King,US-WA-Seattle-Seattle Waterfront - 47.6058x-122.3417,47.605758,-122.341681,2017-03-21,03:49 PM,eBird - Traveling Count,20,0,.322,,1
S30176926,Bonaparte's Gull,Chroicocephalus philadelphia,6210,3,US-WA,King,Elliot Bay,47.6345112,-122.4391079,2016-05-22,03:00 PM,eBird - Stationary Count,180,1,,,6
S57460862,Forster's Tern,Sterna forsteri,6477,4,US-CA,El Dorado,"96150, South Lake Tahoe US-CA (38.9406,-120.0042)",38.940647,-120.004236,2019-06-15,11:35 AM,eBird - Stationary Count,60,0,,,1
S45867884,Forster's Tern,Sterna forsteri,6477,3,US-CA,El Dorado,"South Lake Tahoe, CA  96150, South Lake Tahoe US-CA (38.9400,-120.0036)",38.940048,-120.003616,2018-05-20,10:28 AM,eBird - Traveling Count,150,0,1.609,,1
S33406259,Royal Tern,Thalasseus maximus,6486,5,MX-BCS,,MX-BCS-La Paz-Isla Espiritu Santo - 24.4356x-110.3488,24.435604,-110.34878,2016-12-31,08:47 AM,eBird - Traveling Count,300,0,8.047,,1
S25505711,Common Loon,Gavia immer,6547,5,US-WA,Clallam,Ediz Hook,48.14035,-123.44711,2015-10-18,04:30 PM,eBird - Stationary Count,60,0,,,2
S32786239,Common Loon,Gavia immer,6547,1,US-WA,Clallam,US-WA-Port Angeles-Olympic Discovery Trl - 48.1189x-123.4269,48.11891,-123.426897,2016-11-25,03:14 PM,eBird - Stationary Count,30,0,,,1
S33323975,Magnificent Frigatebird,Fregata magnificens,6903,12,MX-BCS,,MX-BCS-El Pescadero-Calle Sn 38 - 23.3638x-110.1685,23.363831,-110.168471,2016-12-29,09:36 PM,eBird - Stationary Count,120,0,,,1
S33406259,Blue-footed Booby,Sula nebouxii,6919,5,MX-BCS,,MX-BCS-La Paz-Isla Espiritu Santo - 24.4356x-110.3488,24.435604,-110.34878,2016-12-31,08:47 AM,eBird - Traveling Count,300,0,8.047,,1
S25505711,Double-crested Cormorant,Phalacrocorax auritus,6999,3,US-WA,Clallam,Ediz Hook,48.14035,-123.44711,2015-10-18,04:30 PM,eBird - Stationary Count,60,0,,,2
S34152310,Double-crested Cormorant,Phalacrocorax auritus,6999,4,US-WA,King,Seward Park,47.5538089,-122.2501301,2017-02-04,09:00 AM,eBird - Stationary Count,30,0,,,2
S34938247,Double-crested Cormorant,Phalacrocorax auritus,6999,20,US-WA,King,US-WA-Seattle-University of Washington - 47.6543x-122.2945,47.654333,-122.294485,2017-03-03,01:29 PM,eBird - Traveling Count,30,1,.805,,1
S25505775,Double-crested Cormorant,Phalacrocorax auritus,6999,4,US-WA,King,Union Bay Natural Area / Montlake Fill,47.65424,-122.29137,2015-10-16,03:30 PM,eBird - Stationary Count,60,1,,,2
S33406259,Brown Pelican,Pelecanus occidentalis,7030,30,MX-BCS,,MX-BCS-La Paz-Isla Espiritu Santo - 24.4356x-110.3488,24.435604,-110.34878,2016-12-31,08:47 AM,eBird - Traveling Count,300,0,8.047,,1
S25505711,Great Blue Heron,Ardea herodias,7092,1,US-WA,Clallam,Ediz Hook,48.14035,-123.44711,2015-10-18,04:30 PM,eBird - Stationary Count,60,0,,,2
S35218716,Great Blue Heron,Ardea herodias,7092,1,US-WA,King,US-WA-Seattle-Green Lake - 47.6766x-122.3388,47.676597,-122.338772,2017-03-16,08:48 AM,eBird - Traveling Count,30,0,6.437,,1
S30167940,Great Blue Heron,Ardea herodias,7092,1,US-WA,King,Union Bay Natural Area / Montlake Fill,47.65424,-122.29137,2016-06-10,04:19 PM,eBird - Traveling Count,60,1,1.207,,1,,,"<br />Submitted from eBird for iOS, version 1.2.1 Build 65"
S34345229,Great Blue Heron,Ardea herodias,7092,2,US-WA,Thurston,"CA-Eld Inlet - 47.0573x-123.0057 - Feb 13, 2017, 9:02 AM",47.057313,-123.005657,2017-02-11,09:02 AM,eBird - Stationary Count,60,0,,,2
S33406259,Great Blue Heron,Ardea herodias,7092,1,MX-BCS,,MX-BCS-La Paz-Isla Espiritu Santo - 24.4356x-110.3488,24.435604,-110.34878,2016-12-31,08:47 AM,eBird - Traveling Count,300,0,8.047,,1
S44862306,Gray Heron (Gray),Ardea cinerea cinerea/jouyi,7101,1,ES-CT,Barcelona,"Park De La Ciutadella, Barcelona ES-Catalonia (41.3887,2.1877)",41.388698,2.187669,2018-04-22,04:05 PM,eBird - Traveling Count,120,0,8.047,,1
S33183924,Great Egret,Ardea alba,7124,2,US-CA,Contra Costa,US-CA-Pleasant Hill-Contra Costa Canal Trl - 37.9287x-122.0747,37.928673,-122.074748,2016-12-24,11:35 AM,eBird - Traveling Count,60,0,12.875,,1
S33406259,Great Egret,Ardea alba,7124,30,MX-BCS,,MX-BCS-La Paz-Isla Espiritu Santo - 24.4356x-110.3488,24.435604,-110.34878,2016-12-31,08:47 AM,eBird - Traveling Count,300,0,8.047,,1
S52151500,Cattle Egret,Bubulcus ibis,7170,5,US-HI,Maui,"2737 S Kihei Rd, Kihei US-HI (20.7110,-156.4441)",20.711018,-156.444054,2019-01-28,02:06 PM,eBird - Traveling Count,10,0,.322,,1
S52151434,Black-crowned Night-Heron,Nycticorax nycticorax,7227,4,US-HI,Maui,"Keālia Pond, Maalaea US-HI (20.7933,-156.4746)",20.793333,-156.474642,2019-01-27,02:03 PM,eBird - Traveling Count,45,0,1.609,,3
S30169147,Turkey Vulture,Cathartes aura,7338,12,US-OR,Deschutes,Smith Rock SP,44.3669375,-121.1371851,2016-05-29,01:00 PM,eBird - Traveling Count,240,1,8.047,,2
S30665718,Turkey Vulture,Cathartes aura,7338,2,US-MT,Lake,Flathead Lake,47.9088353,-114.116397,2016-07-02,09:00 AM,eBird - Traveling Count,480,0,64.374,,2
S33323975,Turkey Vulture,Cathartes aura,7338,5,MX-BCS,,MX-BCS-El Pescadero-Calle Sn 38 - 23.3638x-110.1685,23.363831,-110.168471,2016-12-29,09:36 PM,eBird - Stationary Count,120,0,,,1
S47268846,Osprey,Pandion haliaetus,7351,1,US-CA,El Dorado,"Clark Mountain Rd, Lotus US-CA (38.8195,-120.9467)",38.81949,-120.946705,2018-07-15,09:07 PM,eBird - Traveling Count,250,0,24.14,,3
S30665733,Osprey,Pandion haliaetus,7351,1,US-MT,Glacier,Glacier NP--Two Medicine,48.4870534,-113.3675571,2016-07-05,09:00 AM,eBird - Traveling Count,480,0,32.187,,2
S30176926,Osprey,Pandion haliaetus,7351,1,US-WA,King,Elliot Bay,47.6345112,-122.4391079,2016-05-22,03:00 PM,eBird - Stationary Count,180,1,,,6
S30097148,Osprey,Pandion haliaetus,7351,1,US-WA,King,US-WA-Renton-Cedar River Park - 47.4656x-122.1338,47.465567,-122.133835,2016-06-05,03:58 PM,eBird - Stationary Count,120,1,,,2,,,"Cesar river park along the cedar river  <br />Submitted from eBird for iOS, version 1.2.1 Build 65"
S30167940,Osprey,Pandion haliaetus,7351,1,US-WA,King,Union Bay Natural Area / Montlake Fill,47.65424,-122.29137,2016-06-10,04:19 PM,eBird - Traveling Count,60,1,1.207,,1,,,"<br />Submitted from eBird for iOS, version 1.2.1 Build 65"
S30665718,Osprey,Pandion haliaetus,7351,5,US-MT,Lake,Flathead Lake,47.9088353,-114.116397,2016-07-02,09:00 AM,eBird - Traveling Count,480,0,64.374,,2
S30429570,Cooper's Hawk,Accipiter cooperii,7829,1,US-WA,King,North Seattle,47.6926129,-122.3349671,2016-06-24,05:00 PM,eBird - Stationary Count,5,0,,,1
S25505711,Bald Eagle,Haliaeetus leucocephalus,7885,1,US-WA,Clallam,Ediz Hook,48.14035,-123.44711,2015-10-18,04:30 PM,eBird - Stationary Count,60,0,,,2
S50734297,Bald Eagle,Haliaeetus leucocephalus,7885,1,US-CA,El Dorado,"96150, South Lake Tahoe US-CA (38.9369,-120.0566)",38.936938,-120.05658,2018-12-16,10:52 AM,eBird - Traveling Count,90,0,4.828,,7
S40369774,Bald Eagle,Haliaeetus leucocephalus,7885,1,US-CA,El Dorado,"South Lake Tahoe, CA  96150, South Lake Tahoe US-CA (38.9179,-119.9894)",38.917919,-119.989393,2017-10-29,03:29 PM,eBird - Traveling Count,60,0,1.609,,2
S35157974,Bald Eagle,Haliaeetus leucocephalus,7885,2,US-WA,King,US-WA-Black Diamond-98010 - 47.2976x-122.0126,47.297581,-122.012575,2017-03-11,12:14 PM,eBird - Traveling Count,60,0,8.047,,2
S25505775,Bald Eagle,Haliaeetus leucocephalus,7885,2,US-WA,King,Union Bay Natural Area / Montlake Fill,47.65424,-122.29137,2015-10-16,03:30 PM,eBird - Stationary Count,60,1,,,2
S31741104,Bald Eagle,Haliaeetus leucocephalus,7885,1,US-WA,Pierce,US-WA-Enumclaw-Mount Rainier National Park - 46.9257x-121.5319,46.925663,-121.531879,2016-09-24,02:50 PM,eBird - Traveling Count,120,0,24.14,,1,,,"<br />Submitted from eBird for iOS, version 1.2.6 Build 75"
S34618312,Bald Eagle,Haliaeetus leucocephalus,7885,1,CA-BC,Thompson-Nicola,CA-BC-Kamloops-6805 Dallas Dr - 50.6646x-120.1432,50.66463,-120.143204,2017-02-19,09:54 AM,eBird - Traveling Count,60,0,120.701,,1
S50944244,Red-shouldered Hawk,Buteo lineatus,7984,2,US-CA,Tulare,Sequoia Riverlands Trust--Kaweah Oaks Preserve,36.3336459,-119.1665762,2018-12-24,08:52 AM,eBird - Traveling Count,60,0,3.219,,1
S30097148,Red-tailed Hawk,Buteo jamaicensis,8011,1,US-WA,King,US-WA-Renton-Cedar River Park - 47.4656x-122.1338,47.465567,-122.133835,2016-06-05,03:58 PM,eBird - Stationary Count,120,1,,,2,,,"Cesar river park along the cedar river  <br />Submitted from eBird for iOS, version 1.2.1 Build 65"
S30169180,Barred Owl,Strix varia,8693,1,US-WA,King,Ravenna Park,47.6721788,-122.3064566,2016-05-26,02:00 PM,eBird - Traveling Count,60,0,1.609,,1
S33147385,Barred Owl,Strix varia,8693,1,US-WA,King,US-WA-Issaquah-Tiger Mountain State Forest - 47.4982x-122.0202,47.498176,-122.02022,2016-12-21,09:09 PM,eBird - Traveling Count,120,1,6.437,,2
S25505711,Belted Kingfisher,Megaceryle alcyon,9697,1,US-WA,Clallam,Ediz Hook,48.14035,-123.44711,2015-10-18,04:30 PM,eBird - Stationary Count,60,0,,,2
S47268846,Belted Kingfisher,Megaceryle alcyon,9697,1,US-CA,El Dorado,"Clark Mountain Rd, Lotus US-CA (38.8195,-120.9467)",38.81949,-120.946705,2018-07-15,09:07 PM,eBird - Traveling Count,250,0,24.14,,3
S30097148,Belted Kingfisher,Megaceryle alcyon,9697,1,US-WA,King,US-WA-Renton-Cedar River Park - 47.4656x-122.1338,47.465567,-122.133835,2016-06-05,03:58 PM,eBird - Stationary Count,120,1,,,2,,,"Cesar river park along the cedar river  <br />Submitted from eBird for iOS, version 1.2.1 Build 65"
S35337115,Belted Kingfisher,Megaceryle alcyon,9697,1,US-WA,King,US-WA-Seattle-Seattle Waterfront - 47.6058x-122.3417,47.605758,-122.341681,2017-03-21,03:49 PM,eBird - Traveling Count,20,0,.322,,1
S45639082,Red-breasted Sapsucker,Sphyrapicus ruber,10553,1,US-CA,El Dorado,"South Lake Tahoe, CA  96150, South Lake Tahoe US-CA (38.9056,-119.9575)",38.905551,-119.957528,2018-05-13,12:22 PM,eBird - Traveling Count,120,0,8.047,,1
S30097148,Red-breasted Sapsucker,Sphyrapicus ruber,10553,1,US-WA,King,US-WA-Renton-Cedar River Park - 47.4656x-122.1338,47.465567,-122.133835,2016-06-05,03:58 PM,eBird - Stationary Count,120,1,,,2,,,"Cesar river park along the cedar river  <br />Submitted from eBird for iOS, version 1.2.1 Build 65"
S37068033,Red-breasted Sapsucker,Sphyrapicus ruber,10553,1,US-WA,Whatcom,US-WA-National Forest/Park-Mount Baker National Forest - 48.8142x-121.8940,48.81416,-121.894046,2017-05-20,06:00 AM,eBird - Traveling Count,60,0,1.609,,1
S30665733,American Three-toed Woodpecker,Picoides dorsalis,10637,3,US-MT,Glacier,Glacier NP--Two Medicine,48.4870534,-113.3675571,2016-07-05,09:00 AM,eBird - Traveling Count,480,0,32.187,,2
S42883652,Downy Woodpecker,Dryobates pubescens,10805,1,US-NV,Douglas,"300 US Highway 50, Round Hill US-NV (38.9783,-119.9423)",38.978252,-119.942271,2018-02-17,09:20 AM,eBird - Traveling Count,90,0,37.015,,2
S31154552,Downy Woodpecker,Dryobates pubescens,10805,1,US-WA,King,US-WA-Issaquah-Tiger Mountain State Forest - 47.4866x-121.9509,47.48665,-121.950909,2016-08-19,01:34 PM,eBird - Traveling Count,60,0,16.093,,1,,,"<br />Submitted from eBird for iOS, version 1.2.6 Build 75"
S30204754,Downy Woodpecker,Dryobates pubescens,10805,2,US-WA,King,US-WA-North Bend-Snoqualmie National Forest - 47.4352x-121.5129,47.435197,-121.512883,2016-06-12,09:52 AM,eBird - Traveling Count,90,1,.161,,2,,,Pratt Lake in the Alpine Lakes Wilderness Area near Snoqualmie Pass
S50944244,Nuttall's Woodpecker,Dryobates nuttallii,10815,1,US-CA,Tulare,Sequoia Riverlands Trust--Kaweah Oaks Preserve,36.3336459,-119.1665762,2018-12-24,08:52 AM,eBird - Traveling Count,60,0,3.219,,1
S54806381,Hairy Woodpecker,Dryobates villosus,10831,1,US-CA,El Dorado,"2620 Armstrong Ave, South Lake Tahoe US-CA (38.9245,-119.9810)",38.924537,-119.981012,2019-04-10,07:56 AM,eBird - Traveling Count,5,0,1.609,,1
S30665733,Hairy Woodpecker,Dryobates villosus,10831,2,US-MT,Glacier,Glacier NP--Two Medicine,48.4870534,-113.3675571,2016-07-05,09:00 AM,eBird - Traveling Count,480,0,32.187,,2
S54806381,White-headed Woodpecker,Dryobates albolarvatus,10855,1,US-CA,El Dorado,"2620 Armstrong Ave, South Lake Tahoe US-CA (38.9245,-119.9810)",38.924537,-119.981012,2019-04-10,07:56 AM,eBird - Traveling Count,5,0,1.609,,1
S38964920,White-headed Woodpecker,Dryobates albolarvatus,10855,1,US-CA,El Dorado,"3620 Birch Ave, South Lake Tahoe US-CA (38.9436,-119.9553)",38.943559,-119.955337,2017-09-02,10:30 AM,eBird - Stationary Count,30,0,,,1
S44988702,Iberian Green Woodpecker,Picus sharpei,11069,1,ES-MD,,"ES-Madrid-Buen Retiro Park (40.4127,-3.6813)",40.412666,-3.681339,2018-04-27,02:46 PM,eBird - Traveling Count,60,0,3.219,,2
S30374080,Northern Flicker,Colaptes auratus,11284,1,US-WA,King,Green Lake Pitch n Putt,47.6709362,-122.3412609,2016-06-24,02:00 PM,eBird - Stationary Count,60,0,,,2
S35383060,Northern Flicker,Colaptes auratus,11284,1,US-WA,King,US-WA-Seattle-1325 N Allen Pl - 47.6606x-122.3409,47.660632,-122.340895,2017-03-23,05:55 PM,eBird - Stationary Count,5,0,,,1
S31281656,Northern Flicker,Colaptes auratus,11284,1,US-WA,King,US-WA-Seattle-1401 N 45th St - 47.6612x-122.3404,47.661161,-122.340361,2016-08-27,05:43 PM,eBird - Stationary Count,15,0,,,1,,,"<br />Submitted from eBird for iOS, version 1.2.6 Build 75"
S31909239,Northern Flicker,Colaptes auratus,11284,2,US-WA,King,US-WA-Seattle-3242 35th Ave SW - 47.5746x-122.3754,47.57462,-122.375401,2016-10-05,04:21 PM,eBird - Stationary Count,15,0,,,1
S32054982,Northern Flicker,Colaptes auratus,11284,1,US-WA,King,US-WA-Seattle-339 N 79th St - 47.6860x-122.3536,47.68598,-122.3536,2016-10-15,04:35 PM,eBird - Stationary Count,5,0,,,1
S32076761,Northern Flicker,Colaptes auratus,11284,6,US-WA,King,US-WA-Seattle-4400 Interlake Ave N - 47.6593x-122.3405,47.65928,-122.340498,2016-10-16,01:31 PM,eBird - Traveling Count,5,0,.161,,1
S30665718,Northern Flicker,Colaptes auratus,11284,2,US-MT,Lake,Flathead Lake,47.9088353,-114.116397,2016-07-02,09:00 AM,eBird - Traveling Count,480,0,64.374,,2
S33323975,Gilded Flicker,Colaptes chrysoides,11297,1,MX-BCS,,MX-BCS-El Pescadero-Calle Sn 38 - 23.3638x-110.1685,23.363831,-110.168471,2016-12-29,09:36 PM,eBird - Stationary Count,120,0,,,1
S33323975,Crested Caracara,Caracara cheriway,11343,1,MX-BCS,,MX-BCS-El Pescadero-Calle Sn 38 - 23.3638x-110.1685,23.363831,-110.168471,2016-12-29,09:36 PM,eBird - Stationary Count,120,0,,,1
S33398494,Crested Caracara,Caracara cheriway,11343,1,MX-BCS,,MX-BCS-La Paz-Carretera al Sargento - 24.0473x-109.9887,24.04728,-109.988655,2017-01-02,06:02 PM,eBird - Traveling Count,60,0,8.047,,1
S50934069,American Kestrel,Falco sparverius,11407,1,US-CA,Tulare,"W Doe Ave, Visalia US-CA (36.3456,-119.3633)",36.345621,-119.3633,2018-12-24,04:23 PM,eBird - Traveling Count,60,0,6.437,,1
S44862306,Monk Parakeet,Myiopsitta monachus,12166,10,ES-CT,Barcelona,"Park De La Ciutadella, Barcelona ES-Catalonia (41.3887,2.1877)",41.388698,2.187669,2018-04-22,04:05 PM,eBird - Traveling Count,120,0,8.047,,1
S45867884,Dusky Flycatcher,Empidonax oberholseri,16193,1,US-CA,El Dorado,"South Lake Tahoe, CA  96150, South Lake Tahoe US-CA (38.9400,-120.0036)",38.940048,-120.003616,2018-05-20,10:28 AM,eBird - Traveling Count,150,0,1.609,,1
S51169859,Black Phoebe,Sayornis nigricans,16224,1,US-CA,Los Angeles,"617 Illinois Ct, El Segundo US-CA (33.9244,-118.3984)",33.924411,-118.398388,2019-01-01,11:32 AM,eBird - Stationary Count,1,1,,,1
S50944244,Black Phoebe,Sayornis nigricans,16224,2,US-CA,Tulare,Sequoia Riverlands Trust--Kaweah Oaks Preserve,36.3336459,-119.1665762,2018-12-24,08:52 AM,eBird - Traveling Count,60,0,3.219,,1
S30665718,Eastern Kingbird,Tyrannus tyrannus,16691,1,US-MT,Lake,Flathead Lake,47.9088353,-114.116397,2016-07-02,09:00 AM,eBird - Traveling Count,480,0,64.374,,2
S30935613,Canada Jay,Perisoreus canadensis,20260,2,US-WA,Chelan,US-WA-Leavenworth-Wenatchee National Forest - 47.5201x-120.8651,47.520105,-120.865144,2016-07-31,11:30 AM,eBird - Traveling Count,60,0,16.093,,4,,,"<br />Submitted from eBird for iOS, version 1.2.4 Build 72"
S30204754,Canada Jay,Perisoreus canadensis,20260,1,US-WA,King,US-WA-North Bend-Snoqualmie National Forest - 47.4352x-121.5129,47.435197,-121.512883,2016-06-12,09:52 AM,eBird - Traveling Count,90,1,.161,,2,,,Pratt Lake in the Alpine Lakes Wilderness Area near Snoqualmie Pass
S31741104,Canada Jay,Perisoreus canadensis,20260,2,US-WA,Pierce,US-WA-Enumclaw-Mount Rainier National Park - 46.9257x-121.5319,46.925663,-121.531879,2016-09-24,02:50 PM,eBird - Traveling Count,120,0,24.14,,1,,,"<br />Submitted from eBird for iOS, version 1.2.6 Build 75"
S30935613,Steller's Jay,Cyanocitta stelleri,20353,1,US-WA,Chelan,US-WA-Leavenworth-Wenatchee National Forest - 47.5201x-120.8651,47.520105,-120.865144,2016-07-31,11:30 AM,eBird - Traveling Count,60,0,16.093,,4,,,"<br />Submitted from eBird for iOS, version 1.2.4 Build 72"
S36210510,Steller's Jay,Cyanocitta stelleri,20353,1,US-WA,Chelan,US-WA-Leavenworth-Wenatchee National Forest - 47.5360x-120.8137,47.535958,-120.813667,2017-04-22,08:52 AM,eBird - Traveling Count,30,0,30.578,,1
S30169128,Steller's Jay,Cyanocitta stelleri,20353,2,US-OR,Deschutes,Devil's Lake,44.0346655,-121.7622042,2016-03-30,05:00 PM,eBird - Stationary Count,60,1,,,2
S30665733,Steller's Jay,Cyanocitta stelleri,20353,2,US-MT,Glacier,Glacier NP--Two Medicine,48.4870534,-113.3675571,2016-07-05,09:00 AM,eBird - Traveling Count,480,0,32.187,,2
S30204754,Steller's Jay,Cyanocitta stelleri,20353,1,US-WA,King,US-WA-North Bend-Snoqualmie National Forest - 47.4352x-121.5129,47.435197,-121.512883,2016-06-12,09:52 AM,eBird - Traveling Count,90,1,.161,,2,,,Pratt Lake in the Alpine Lakes Wilderness Area near Snoqualmie Pass
S32050734,Steller's Jay,Cyanocitta stelleri,20353,1,US-WA,King,US-WA-Seattle-337 N 78th St - 47.6854x-122.3537,47.68542,-122.353672,2016-10-15,02:35 PM,eBird - Stationary Count,5,0,,,1
S31637414,Steller's Jay,Cyanocitta stelleri,20353,1,US-WA,King,US-WA-Seattle-Burke Gilman Trl - 47.6524x-122.3289,47.652425,-122.328853,2016-09-17,03:01 PM,eBird - Traveling Count,60,0,8.047,,1,,,"<br />Submitted from eBird for iOS, version 1.2.6 Build 75"
S31425802,Steller's Jay,Cyanocitta stelleri,20353,1,US-WA,Snohomish,US-WA-Sultan-704 Alder Ave - 47.8629x-121.8113,47.862899,-121.811346,2016-09-04,04:14 PM,eBird - Traveling Count,5,0,48.279,,1,,,"<br />Submitted from eBird for iOS, version 1.2.6 Build 75"
S46147545,California Scrub-Jay,Aphelocoma californica,20382,1,US-CA,Butte,"Bidwell Park, Chico US-CA (39.7806,-121.7479)",39.780609,-121.747892,2018-05-26,08:03 PM,eBird - Traveling Count,60,0,16.093,,1
S45867884,California Scrub-Jay,Aphelocoma californica,20382,2,US-CA,El Dorado,"South Lake Tahoe, CA  96150, South Lake Tahoe US-CA (38.9400,-120.0036)",38.940048,-120.003616,2018-05-20,10:28 AM,eBird - Traveling Count,150,0,1.609,,1
S50944244,California Scrub-Jay,Aphelocoma californica,20382,2,US-CA,Tulare,Sequoia Riverlands Trust--Kaweah Oaks Preserve,36.3336459,-119.1665762,2018-12-24,08:52 AM,eBird - Traveling Count,60,0,3.219,,1
S44988702,Eurasian Magpie (Eurasian),Pica pica [pica Group],20551,4,ES-MD,,"ES-Madrid-Buen Retiro Park (40.4127,-3.6813)",40.412666,-3.681339,2018-04-27,02:46 PM,eBird - Traveling Count,60,0,3.219,,2
S30169147,Black-billed Magpie,Pica hudsonia,20558,2,US-OR,Deschutes,Smith Rock SP,44.3669375,-121.1371851,2016-05-29,01:00 PM,eBird - Traveling Count,240,1,8.047,,2
S30665718,Black-billed Magpie,Pica hudsonia,20558,4,US-MT,Lake,Flathead Lake,47.9088353,-114.116397,2016-07-02,09:00 AM,eBird - Traveling Count,480,0,64.374,,2
S34636302,Black-billed Magpie,Pica hudsonia,20558,1,CA-BC,Thompson-Nicola,CA-BC-Kamloops-TC-1 E - 50.6616x-120.3440,50.661635,-120.344024,2017-02-21,09:43 AM,eBird - Stationary Count,15,0,,,1
S30935613,Clark's Nutcracker,Nucifraga columbiana,20566,3,US-WA,Chelan,US-WA-Leavenworth-Wenatchee National Forest - 47.5201x-120.8651,47.520105,-120.865144,2016-07-31,11:30 AM,eBird - Traveling Count,60,0,16.093,,4,,,"<br />Submitted from eBird for iOS, version 1.2.4 Build 72"
S38964988,Clark's Nutcracker,Nucifraga columbiana,20566,1,US-NV,Douglas,"Heavenly Mountain Resort, Stateline US-NV (38.9348,-119.9025)",38.934839,-119.902542,2017-09-02,03:34 PM,eBird - Traveling Count,100,0,3.219,,1
S44712753,Clark's Nutcracker,Nucifraga columbiana,20566,1,US-CA,El Dorado,"Heavenly Mountain Resort, South Lake Tahoe US-CA (38.9237,-119.9174)",38.923722,-119.91739,2018-04-13,09:09 PM,eBird - Stationary Count,20,0,,,1
S31761213,Clark's Nutcracker,Nucifraga columbiana,20566,2,US-WA,Kittitas,US-WA-Cle Elum-Wenatchee National Forest - 47.3585x-121.0292,47.358481,-121.029232,2016-09-25,11:55 AM,eBird - Traveling Count,20,0,.161,,1,,,"   Submitted from eBird for iOS, version 1.3.0 Build 86"
S51169859,American Crow,Corvus brachyrhynchos,20638,2,US-CA,Los Angeles,"617 Illinois Ct, El Segundo US-CA (33.9244,-118.3984)",33.924411,-118.398388,2019-01-01,11:32 AM,eBird - Stationary Count,1,1,,,1
S30204754,Chestnut-backed Chickadee,Poecile rufescens,21160,1,US-WA,King,US-WA-North Bend-Snoqualmie National Forest - 47.4352x-121.5129,47.435197,-121.512883,2016-06-12,09:52 AM,eBird - Traveling Count,90,1,.161,,2,,,Pratt Lake in the Alpine Lakes Wilderness Area near Snoqualmie Pass
S35157974,Tree Swallow,Tachycineta bicolor,23074,5,US-WA,King,US-WA-Black Diamond-98010 - 47.2976x-122.0126,47.297581,-122.012575,2017-03-11,12:14 PM,eBird - Traveling Count,60,0,8.047,,2
S30665718,Tree Swallow,Tachycineta bicolor,23074,10,US-MT,Lake,Flathead Lake,47.9088353,-114.116397,2016-07-02,09:00 AM,eBird - Traveling Count,480,0,64.374,,2
S30169147,Barn Swallow,Hirundo rustica,23153,6,US-OR,Deschutes,Smith Rock SP,44.3669375,-121.1371851,2016-05-29,01:00 PM,eBird - Traveling Count,240,1,8.047,,2
S30167940,Barn Swallow,Hirundo rustica,23153,8,US-WA,King,Union Bay Natural Area / Montlake Fill,47.65424,-122.29137,2016-06-10,04:19 PM,eBird - Traveling Count,60,1,1.207,,1,,,"<br />Submitted from eBird for iOS, version 1.2.1 Build 65"
S30665718,Barn Swallow,Hirundo rustica,23153,10,US-MT,Lake,Flathead Lake,47.9088353,-114.116397,2016-07-02,09:00 AM,eBird - Traveling Count,480,0,64.374,,2
S30935613,Red-breasted Nuthatch,Sitta canadensis,25870,2,US-WA,Chelan,US-WA-Leavenworth-Wenatchee National Forest - 47.5201x-120.8651,47.520105,-120.865144,2016-07-31,11:30 AM,eBird - Traveling Count,60,0,16.093,,4,,,"<br />Submitted from eBird for iOS, version 1.2.4 Build 72"
S50734297,Red-breasted Nuthatch,Sitta canadensis,25870,1,US-CA,El Dorado,"96150, South Lake Tahoe US-CA (38.9369,-120.0566)",38.936938,-120.05658,2018-12-16,10:52 AM,eBird - Traveling Count,90,0,4.828,,7
S38179270,White-breasted Nuthatch,Sitta carolinensis,25873,1,US-CA,El Dorado,"3622 Birch Ave, South Lake Tahoe US-CA (38.9437,-119.9553)",38.943736,-119.955329,2017-07-16,06:46 PM,eBird - Stationary Count,5,0,,,1
S42883652,Pygmy Nuthatch,Sitta pygmaea,25885,1,US-NV,Douglas,"300 US Highway 50, Round Hill US-NV (38.9783,-119.9423)",38.978252,-119.942271,2018-02-17,09:20 AM,eBird - Traveling Count,90,0,37.015,,2
S42883652,Brown Creeper,Certhia americana,25958,1,US-NV,Douglas,"300 US Highway 50, Round Hill US-NV (38.9783,-119.9423)",38.978252,-119.942271,2018-02-17,09:20 AM,eBird - Traveling Count,90,0,37.015,,2
S48459319,Brown Creeper,Certhia americana,25958,1,US-CA,El Dorado,"1187 Lodi Ave, South Lake Tahoe US-CA (38.9191,-119.9833)",38.91913,-119.98326,2018-08-01,07:24 PM,eBird - Traveling Count,1,0,1.609,,1
S54806381,Brown Creeper,Certhia americana,25958,1,US-CA,El Dorado,"2620 Armstrong Ave, South Lake Tahoe US-CA (38.9245,-119.9810)",38.924537,-119.981012,2019-04-10,07:56 AM,eBird - Traveling Count,5,0,1.609,,1
S50734297,Brown Creeper,Certhia americana,25958,1,US-CA,El Dorado,"96150, South Lake Tahoe US-CA (38.9369,-120.0566)",38.936938,-120.05658,2018-12-16,10:52 AM,eBird - Traveling Count,90,0,4.828,,7
S59683957,Canyon Wren,Catherpes mexicanus,26120,1,US-UT,Washington,"Zion National Park, Springdale US-UT (37.2032,-112.9850)",37.203236,-112.984957,2019-09-10,06:34 PM,eBird - Traveling Count,30,0,28.968,,1
S30169147,House Wren,Troglodytes aedon,26127,2,US-OR,Deschutes,Smith Rock SP,44.3669375,-121.1371851,2016-05-29,01:00 PM,eBird - Traveling Count,240,1,8.047,,2
S30167940,wren sp.,Troglodytidae sp.,26580,4,US-WA,King,Union Bay Natural Area / Montlake Fill,47.65424,-122.29137,2016-06-10,04:19 PM,eBird - Traveling Count,60,1,1.207,,1,,,"<br />Submitted from eBird for iOS, version 1.2.1 Build 65"
S34615551,American Dipper,Cinclus mexicanus,26600,2,CA-BC,Columbia-Shuswap,"CA-BC-Glacier National Park - 51.2609x-117.4922 - Feb 21, 2017, 8:37 AM",51.260884,-117.492168,2017-02-20,08:37 AM,eBird - Traveling Count,120,1,8.047,,2
S51169859,European Starling,Sturnus vulgaris,26739,1,US-CA,Los Angeles,"617 Illinois Ct, El Segundo US-CA (33.9244,-118.3984)",33.924411,-118.398388,2019-01-01,11:32 AM,eBird - Stationary Count,1,1,,,1
S52151500,Common Myna,Acridotheres tristis,26784,8,US-HI,Maui,"2737 S Kihei Rd, Kihei US-HI (20.7110,-156.4441)",20.711018,-156.444054,2019-01-28,02:06 PM,eBird - Traveling Count,10,0,.322,,1
S30665718,Gray Catbird,Dumetella carolinensis,26912,1,US-MT,Lake,Flathead Lake,47.9088353,-114.116397,2016-07-02,09:00 AM,eBird - Traveling Count,480,0,64.374,,2
S33323975,Gray Thrasher,Toxostoma cinereum,26964,2,MX-BCS,,MX-BCS-El Pescadero-Calle Sn 38 - 23.3638x-110.1685,23.363831,-110.168471,2016-12-29,09:36 PM,eBird - Stationary Count,120,0,,,1
S42883652,Northern Mockingbird,Mimus polyglottos,27022,1,US-NV,Douglas,"300 US Highway 50, Round Hill US-NV (38.9783,-119.9423)",38.978252,-119.942271,2018-02-17,09:20 AM,eBird - Traveling Count,90,0,37.015,,2
S44387921,Mountain Bluebird,Sialia currucoides,27049,1,US-NV,Douglas,"300 US Highway 50, Round Hill US-NV (38.9765,-119.9432)",38.976532,-119.943235,2018-04-08,05:10 PM,eBird - Traveling Count,60,0,.853,,2
S47578103,Mountain Bluebird,Sialia currucoides,27049,3,US-CA,El Dorado,"Lake Tahoe Airport, South Lake Tahoe US-CA (38.9088,-119.9884)",38.908812,-119.98837,2018-07-31,06:15 PM,eBird - Traveling Count,45,0,6.437,,1
S49689754,Townsend's Solitaire,Myadestes townsendi,27067,1,US-CA,El Dorado,"95634, Georgetown US-CA (38.9476,-120.1152)",38.947568,-120.115166,2018-10-22,10:15 PM,eBird - Stationary Count,60,0,,,1
S50734297,Townsend's Solitaire,Myadestes townsendi,27067,1,US-CA,El Dorado,"96150, South Lake Tahoe US-CA (38.9369,-120.0566)",38.936938,-120.05658,2018-12-16,10:52 AM,eBird - Traveling Count,90,0,4.828,,7
S36061867,Varied Thrush,Ixoreus naevius,27157,2,CA-BC,Squamish-Lillooet,CA-BC-Whistler-4660 Blackcomb Way - 50.1226x-122.9346,50.122606,-122.934554,2017-04-17,11:32 AM,eBird - Stationary Count,30,0,,,2
S30665718,Cedar Waxwing,Bombycilla cedrorum,28730,7,US-MT,Lake,Flathead Lake,47.9088353,-114.116397,2016-07-02,09:00 AM,eBird - Traveling Count,480,0,64.374,,2
S51169859,House Sparrow,Passer domesticus,30329,1,US-CA,Los Angeles,"617 Illinois Ct, El Segundo US-CA (33.9244,-118.3984)",33.924411,-118.398388,2019-01-01,11:32 AM,eBird - Stationary Count,1,1,,,1
S33323975,House Sparrow,Passer domesticus,30329,2,MX-BCS,,MX-BCS-El Pescadero-Calle Sn 38 - 23.3638x-110.1685,23.363831,-110.168471,2016-12-29,09:36 PM,eBird - Stationary Count,120,0,,,1
S37665515,Gray-crowned Rosy-Finch,Leucosticte tephrocotis,31071,1,US-WA,Pierce,"Mount Rainier National Park, Buckley US-WA (46.8722,-121.7316)",46.872209,-121.731645,2017-06-17,02:51 PM,eBird - Stationary Count,30,0,,,1
S34938247,House Finch,Haemorhous mexicanus,31084,4,US-WA,King,US-WA-Seattle-University of Washington - 47.6543x-122.2945,47.654333,-122.294485,2017-03-03,01:29 PM,eBird - Traveling Count,30,1,.805,,1
S30665718,House Finch,Haemorhous mexicanus,31084,1,US-MT,Lake,Flathead Lake,47.9088353,-114.116397,2016-07-02,09:00 AM,eBird - Traveling Count,480,0,64.374,,2
S33323975,House Finch,Haemorhous mexicanus,31084,1,MX-BCS,,MX-BCS-El Pescadero-Calle Sn 38 - 23.3638x-110.1685,23.363831,-110.168471,2016-12-29,09:36 PM,eBird - Stationary Count,120,0,,,1
S38204735,American Goldfinch,Spinus tristis,31382,1,US-CA,El Dorado,"Heavenly Mountain Resort, South Lake Tahoe US-CA (38.9222,-119.9393)",38.922178,-119.939277,2017-07-17,06:19 PM,eBird - Traveling Count,120,0,12.875,,1
S30838701,American Goldfinch,Spinus tristis,31382,1,US-WA,Kittitas,US-WA-Cle Elum-Spectacle Lake - 47.4613x-121.2811,47.46131,-121.28106,2016-07-24,10:30 AM,eBird - Traveling Count,60,0,8.047,,2,,,"<br />Submitted from eBird for iOS, version 1.2.2 Build 70"
S30665718,American Goldfinch,Spinus tristis,31382,1,US-MT,Lake,Flathead Lake,47.9088353,-114.116397,2016-07-02,09:00 AM,eBird - Traveling Count,480,0,64.374,,2
S30665733,Chipping Sparrow,Spizella passerina,31733,2,US-MT,Glacier,Glacier NP--Two Medicine,48.4870534,-113.3675571,2016-07-05,09:00 AM,eBird - Traveling Count,480,0,32.187,,2
S30204754,Dark-eyed Junco,Junco hyemalis,31867,2,US-WA,King,US-WA-North Bend-Snoqualmie National Forest - 47.4352x-121.5129,47.435197,-121.512883,2016-06-12,09:52 AM,eBird - Traveling Count,90,1,.161,,2,,,Pratt Lake in the Alpine Lakes Wilderness Area near Snoqualmie Pass
S31425796,Dark-eyed Junco,Junco hyemalis,31867,10,US-WA,King,US-WA-Skykomish-Snoqualmie National Forest - 47.6147x-121.3931,47.614673,-121.393097,2016-09-04,09:13 AM,eBird - Stationary Count,30,0,,,1,,,"<br />Submitted from eBird for iOS, version 1.2.6 Build 75"
S30286348,White-crowned Sparrow,Zonotrichia leucophrys,31930,1,US-WA,King,"Burke Gilman Trail, Seattle",47.6573376,-122.3642206,2016-06-18,02:30 PM,eBird - Traveling Count,1,1,.161,,1
S30338884,White-crowned Sparrow,Zonotrichia leucophrys,31930,1,US-WA,King,"REI Flagship Store, Seattle",47.6202233,-122.329545,2016-06-20,05:00 PM,eBird - Traveling Count,1,1,.161,,1
S31224134,White-crowned Sparrow,Zonotrichia leucophrys,31930,1,US-WA,King,US-WA-Seattle-Burke Gilman Trl - 47.6509x-122.3309,47.650879,-122.330914,2016-08-22,07:48 PM,eBird - Traveling Count,30,0,6.437,,1,,,"<br />Submitted from eBird for iOS, version 1.2.6 Build 75"
S50944244,White-crowned Sparrow,Zonotrichia leucophrys,31930,1,US-CA,Tulare,Sequoia Riverlands Trust--Kaweah Oaks Preserve,36.3336459,-119.1665762,2018-12-24,08:52 AM,eBird - Traveling Count,60,0,3.219,,1
S44387921,Golden-crowned Sparrow,Zonotrichia atricapilla,31938,1,US-NV,Douglas,"300 US Highway 50, Round Hill US-NV (38.9765,-119.9432)",38.976532,-119.943235,2018-04-08,05:10 PM,eBird - Traveling Count,60,0,.853,,2
S34938247,Golden-crowned Sparrow,Zonotrichia atricapilla,31938,8,US-WA,King,US-WA-Seattle-University of Washington - 47.6543x-122.2945,47.654333,-122.294485,2017-03-03,01:29 PM,eBird - Traveling Count,30,1,.805,,1
S45867884,Savannah Sparrow,Passerculus sandwichensis,31986,1,US-CA,El Dorado,"South Lake Tahoe, CA  96150, South Lake Tahoe US-CA (38.9400,-120.0036)",38.940048,-120.003616,2018-05-20,10:28 AM,eBird - Traveling Count,150,0,1.609,,1
S30169180,Song Sparrow,Melospiza melodia,32018,1,US-WA,King,Ravenna Park,47.6721788,-122.3064566,2016-05-26,02:00 PM,eBird - Traveling Count,60,0,1.609,,1
S34938247,Song Sparrow,Melospiza melodia,32018,1,US-WA,King,US-WA-Seattle-University of Washington - 47.6543x-122.2945,47.654333,-122.294485,2017-03-03,01:29 PM,eBird - Traveling Count,30,1,.805,,1
S30167940,Song Sparrow,Melospiza melodia,32018,3,US-WA,King,Union Bay Natural Area / Montlake Fill,47.65424,-122.29137,2016-06-10,04:19 PM,eBird - Traveling Count,60,1,1.207,,1,,,"<br />Submitted from eBird for iOS, version 1.2.1 Build 65"
S57820991,Green-tailed Towhee,Pipilo chlorurus,32128,1,US-CA,El Dorado,"96150, South Lake Tahoe US-CA (38.7949,-119.9483)",38.794933,-119.948266,2019-06-29,02:22 PM,eBird - Traveling Count,1,0,1.609,,1
S45867884,Green-tailed Towhee,Pipilo chlorurus,32128,1,US-CA,El Dorado,"South Lake Tahoe, CA  96150, South Lake Tahoe US-CA (38.9400,-120.0036)",38.940048,-120.003616,2018-05-20,10:28 AM,eBird - Traveling Count,150,0,1.609,,1
S30167940,Spotted Towhee,Pipilo maculatus,32129,3,US-WA,King,Union Bay Natural Area / Montlake Fill,47.65424,-122.29137,2016-06-10,04:19 PM,eBird - Traveling Count,60,1,1.207,,1,,,"<br />Submitted from eBird for iOS, version 1.2.1 Build 65"
S50944244,Spotted Towhee,Pipilo maculatus,32129,1,US-CA,Tulare,Sequoia Riverlands Trust--Kaweah Oaks Preserve,36.3336459,-119.1665762,2018-12-24,08:52 AM,eBird - Traveling Count,60,0,3.219,,1
S44387921,Yellow-headed Blackbird,Xanthocephalus xanthocephalus,32296,3,US-NV,Douglas,"300 US Highway 50, Round Hill US-NV (38.9765,-119.9432)",38.976532,-119.943235,2018-04-08,05:10 PM,eBird - Traveling Count,60,0,.853,,2
S45867884,Yellow-headed Blackbird,Xanthocephalus xanthocephalus,32296,1,US-CA,El Dorado,"South Lake Tahoe, CA  96150, South Lake Tahoe US-CA (38.9400,-120.0036)",38.940048,-120.003616,2018-05-20,10:28 AM,eBird - Traveling Count,150,0,1.609,,1
S33323975,Hooded Oriole,Icterus cucullatus,32408,1,MX-BCS,,MX-BCS-El Pescadero-Calle Sn 38 - 23.3638x-110.1685,23.363831,-110.168471,2016-12-29,09:36 PM,eBird - Stationary Count,120,0,,,1
S33398494,Hooded Oriole,Icterus cucullatus,32408,1,MX-BCS,,MX-BCS-La Paz-Carretera al Sargento - 24.0473x-109.9887,24.04728,-109.988655,2017-01-02,06:02 PM,eBird - Traveling Count,60,0,8.047,,1
S33323975,Scott's Oriole,Icterus parisorum,32498,1,MX-BCS,,MX-BCS-El Pescadero-Calle Sn 38 - 23.3638x-110.1685,23.363831,-110.168471,2016-12-29,09:36 PM,eBird - Stationary Count,120,0,,,1
S30169147,Red-winged Blackbird,Agelaius phoeniceus,32501,10,US-OR,Deschutes,Smith Rock SP,44.3669375,-121.1371851,2016-05-29,01:00 PM,eBird - Traveling Count,240,1,8.047,,2
S30167940,Red-winged Blackbird,Agelaius phoeniceus,32501,6,US-WA,King,Union Bay Natural Area / Montlake Fill,47.65424,-122.29137,2016-06-10,04:19 PM,eBird - Traveling Count,60,1,1.207,,1,,,"<br />Submitted from eBird for iOS, version 1.2.1 Build 65"
S30665718,Red-winged Blackbird,Agelaius phoeniceus,32501,2,US-MT,Lake,Flathead Lake,47.9088353,-114.116397,2016-07-02,09:00 AM,eBird - Traveling Count,480,0,64.374,,2
S45867884,Brown-headed Cowbird,Molothrus ater,32557,1,US-CA,El Dorado,"South Lake Tahoe, CA  96150, South Lake Tahoe US-CA (38.9400,-120.0036)",38.940048,-120.003616,2018-05-20,10:28 AM,eBird - Traveling Count,150,0,1.609,,1
S30665718,Brewer's Blackbird,Euphagus cyanocephalus,32575,1,US-MT,Lake,Flathead Lake,47.9088353,-114.116397,2016-07-02,09:00 AM,eBird - Traveling Count,480,0,64.374,,2
S54396994,Great-tailed Grackle,Quiscalus mexicanus,32588,1,US-NV,Clark,"5515 W Coley Ave, Las Vegas US-NV (36.1349,-115.2171)",36.134856,-115.21712,2019-03-30,08:54 AM,eBird - Stationary Count,60,0,,,1
S45867884,MacGillivray's Warbler,Geothlypis tolmiei,32723,1,US-CA,El Dorado,"South Lake Tahoe, CA  96150, South Lake Tahoe US-CA (38.9400,-120.0036)",38.940048,-120.003616,2018-05-20,10:28 AM,eBird - Traveling Count,150,0,1.609,,1
S30169128,Yellow-rumped Warbler,Setophaga coronata,32858,2,US-OR,Deschutes,Devil's Lake,44.0346655,-121.7622042,2016-03-30,05:00 PM,eBird - Stationary Count,60,1,,,2
S30665733,Yellow-rumped Warbler,Setophaga coronata,32858,3,US-MT,Glacier,Glacier NP--Two Medicine,48.4870534,-113.3675571,2016-07-05,09:00 AM,eBird - Traveling Count,480,0,32.187,,2
S48459312,Wilson's Warbler,Cardellina pusilla,33029,1,US-CA,El Dorado,"2491 Alma Ave, South Lake Tahoe US-CA (38.9191,-119.9830)",38.919129,-119.983019,2018-09-12,10:46 AM,eBird - Stationary Count,1,1,,,1
S30733060,Wilson's Warbler,Cardellina pusilla,33029,3,US-WA,Thurston,Capitol Forest -- Capitol Peak Area,46.9787298,-123.1380701,2016-07-17,10:58 AM,eBird - Stationary Count,15,0,,,2,,,"<br />Submitted from eBird for iOS, version 1.2.2 Build 70"
S56808062,Western Tanager,Piranga ludoviciana,33118,1,US-CA,El Dorado,"2451 Alma Ave, South Lake Tahoe US-CA (38.9181,-119.9846)",38.918134,-119.984595,2019-05-27,12:48 PM,eBird - Traveling Count,60,0,4.828,,1
S58102402,Western Tanager,Piranga ludoviciana,33118,1,US-CA,El Dorado,"96150, South Lake Tahoe US-CA (38.8665,-119.9562)",38.866451,-119.956169,2019-07-10,12:26 PM,eBird - Traveling Count,30,0,8.047,,1
S37911101,Western Tanager,Piranga ludoviciana,33118,1,US-CA,El Dorado,"96150, South Lake Tahoe US-CA (38.9110,-119.9374)",38.91099,-119.937362,2017-06-30,07:30 PM,eBird - Traveling Count,75,0,12.875,,1
S47268846,Western Tanager,Piranga ludoviciana,33118,1,US-CA,El Dorado,"Clark Mountain Rd, Lotus US-CA (38.8195,-120.9467)",38.81949,-120.946705,2018-07-15,09:07 PM,eBird - Traveling Count,250,0,24.14,,3
S58780709,Western Tanager,Piranga ludoviciana,33118,1,US-CA,El Dorado,"Eagle Lake, Georgetown US-CA (38.9415,-120.1220)",38.94148,-120.121965,2019-08-04,01:19 PM,eBird - Stationary Count,50,0,,,1
S46255832,Western Tanager,Piranga ludoviciana,33118,2,US-CA,El Dorado,"South Lake Tahoe, CA  96150, South Lake Tahoe US-CA (38.9006,-119.9344)",38.900619,-119.934382,2018-06-02,03:32 PM,eBird - Traveling Count,160,0,14.484,,2
S30665733,Western Tanager,Piranga ludoviciana,33118,1,US-MT,Glacier,Glacier NP--Two Medicine,48.4870534,-113.3675571,2016-07-05,09:00 AM,eBird - Traveling Count,480,0,32.187,,2
S37830204,Western Tanager,Piranga ludoviciana,33118,1,US-CA,Shasta,"Lassen Volcanic National Park, Old Station US-CA (40.5361,-121.5160)",40.536068,-121.515958,2017-06-26,10:20 AM,eBird - Traveling Count,3,0,19.312,,1
S52151500,Northern Cardinal,Cardinalis cardinalis,33194,2,US-HI,Maui,"2737 S Kihei Rd, Kihei US-HI (20.7110,-156.4441)",20.711018,-156.444054,2019-01-28,02:06 PM,eBird - Traveling Count,10,0,.322,,1
S47180203,Black-headed Grosbeak,Pheucticus melanocephalus,33237,1,US-CA,El Dorado,"1194 Beecher Ave, South Lake Tahoe US-CA (38.9179,-119.9845)",38.917907,-119.984503,2018-07-13,07:01 PM,eBird - Traveling Count,50,0,8.047,,1
S45639082,Black-headed Grosbeak,Pheucticus melanocephalus,33237,3,US-CA,El Dorado,"South Lake Tahoe, CA  96150, South Lake Tahoe US-CA (38.9056,-119.9575)",38.905551,-119.957528,2018-05-13,12:22 PM,eBird - Traveling Count,120,0,8.047,,1
S52151500,Red-crested Cardinal,Paroaria coronata,33306,2,US-HI,Maui,"2737 S Kihei Rd, Kihei US-HI (20.7110,-156.4441)",20.711018,-156.444054,2019-01-28,02:06 PM,eBird - Traveling Count,10,0,.322,,1
